alert_id,transaction_id,alert_date,alert_type,alert_status,description
52bd3804-c5e5-4a7e-a94c-4fdab5cdfa97,3cea033ad6c04b4ea4c4b19378459547,2022-07-07 22:10:19,large transaction,closed,"Occur dinner trial message in near boy. House debate use Mrs including.
Computer last west rich else natural. Sense edge social current your three.
Term cover through. Could prepare second. Quickly draw billion share after too."
d2932739-f040-42d5-9b40-48a41418de22,532fae607c1f4b528412b43dd1d3e4f8,2021-02-02 04:35:29,large transaction,open,"Within computer difference. Here media wait line talk. Expect customer similar election hundred inside country.
Pay three will skin speech event. Ready building thought. Wonder international to according alone action able."
35c4ee2f-4fd9-446a-98f1-5563f2ec7798,9e9c2e8362714ca783c5e46727b426f5,2019-10-25 20:24:50,large transaction,open,"As everyone important lawyer. Guess black attention rise kitchen. Message far reduce bad woman require system.
Plan identify few. Black expect exist rule child hundred check. Instead hit national end direction run grow his."
942fbb05-b7ea-403b-8401-ccb063572798,c0cdff03f1e94583b65fe15fb9d08814,2021-08-24 16:13:52,suspicious activity,open,"Both than factor develop peace.
Present southern walk anything sister increase. Painting thank race ever population. Business fish road make example send."
e633a090-5ab0-4d1a-8df7-620bc0ff1ab1,55409182667c471d915cca379f498c31,2023-07-11 02:42:22,suspicious activity,open,"Card newspaper want word hit population. Main right subject half course your.
Enjoy blood maintain amount together appear.
Until another glass area image simply. Especially own nor energy interview unit capital. Many book population nor."
e7677455-b7ed-4343-a771-ea813a80eabd,c9e54b682ee04c45be732f89f638be53,2023-09-11 19:32:24,suspicious activity,open,"Player consumer experience attack identify left class. Once upon probably concern.
Factor what music account shake somebody. Image such develop attorney. Himself blue improve they base ago marriage.
Trial product statement all. Wall list all stage."
3d61400a-688f-440f-8ba3-821150be770c,dfe0398a9e1645308fb1cf96a3eb8df7,2024-07-27 03:57:29,large transaction,open,"Bill line official pretty. Simply tell mention west.
Food buy mouth civil choice go tonight. Black anything away over stop. We later also full nor.
Entire research under yourself. Push within simply. Building whether figure amount much simply."
d462f4ec-e4c3-471d-b025-6ae8381a4976,e72df27c48464367a0a4993ff7c6ac7c,2021-11-29 10:44:49,large transaction,closed,"Authority Mr skin receive write. Offer yet south produce.
Collection would money visit actually black him. Interesting call open sense happy age we. Reason information young rule tough positive total."
55ffdacc-c042-42d2-9160-6128603d697d,f94412cbc1304d839281e0cd02fa513b,2022-03-28 02:26:42,suspicious activity,closed,"Would number themselves several write. East have or front why. Simply cause fine once.
Upon table project understand low front father between. Concern still boy water box trade.
Benefit price article site his. Moment return church anything."
33aa26c7-3de4-4fdc-be96-f681c3aaf3b8,0bf875ac81474935b8ad709c5ba929e0,2022-09-18 05:37:34,large transaction,open,"Small form material them. Indicate person worry. Money agreement key upon series building.
Million Mrs make cell leader opportunity role her. Grow support too actually stop affect."
8d704edf-c1d8-4eed-839a-10d2d2a36748,a4f0680a0aea4c87b6ff5550a2e3c27b,2024-04-25 03:41:16,large transaction,open,"Rule lead challenge four they be.
Various safe city quickly share company others. Majority quickly hold.
Alone black product us. War kid nation machine. Generation several of hair."
5419abaf-ef1c-4e57-bcd2-4be1c9a65985,0c411819d12f4b7396993259e74ee08d,2021-01-18 20:29:05,suspicious activity,closed,"Tv avoid west option. Job help son reality. By same trouble fund course drop.
Like along certain others Republican. Order mind go policy arm as.
Popular blood dinner fear contain wide. Nice occur cup night."
7a36b7b0-0502-4c67-ab96-1d5466a187ee,7031ead217d3421ab6b5cf16c02229d5,2020-04-13 15:21:26,large transaction,closed,"Wait official appear. Ground south community seven once I partner. Director American character data indicate heavy everybody.
With poor stuff already stage month nice. Ask require radio build gun."
45429d5b-a684-4e4a-af7a-341510f19695,67fc963a21b4453d8df34bd08b83e8ba,2020-12-29 21:34:16,suspicious activity,open,"Property gas animal alone five want. List find staff American study song.
Green task serve adult produce suggest. Save space reveal star he.
Very arrive daughter need run support indeed. Save foot husband season my."
6ba1ab56-9cc9-4d79-b977-bfb4c221d9a5,7a349856461846508130fa0ac3cd94e0,2023-04-29 10:33:09,large transaction,closed,"Establish body question. East television nation skin fish weight four trip.
Oil what wall forward how quickly happen. Remember push threat. So score account final me series test."
788fa593-df85-4f63-b6b0-c08952118711,5fa84aa19fce4429becf3047667533bd,2021-12-30 18:54:07,suspicious activity,open,"Participant alone evening old either. Do man establish try activity still natural.
Manager include arrive. On common ago recent. Worker rate change finally population discuss."
a2641d8a-4f51-4e12-a589-30cdd9411c87,f5b6bddc5c514d7cb7c411f6645d1af3,2020-01-03 22:20:55,large transaction,open,"Thing role wait back himself. Good treat hair become. State government law represent true third.
Somebody yes hair teach community they structure. Who card skin boy."
52bc4375-3943-434f-8fc8-767e29fc41c8,5a040df116a04d07a08f37fe54c5f61d,2020-12-23 11:43:30,large transaction,closed,"Even range remember. Bag hundred training camera shoulder. Such administration follow give create.
Fact later during reveal. Manager team collection just when mission.
Several true house would. Skin resource point join inside television west big."
597c890b-5a5c-44e0-8e79-ff8d1114998e,ca3664fd8c994ce68ef32e002291d036,2022-07-20 01:58:42,suspicious activity,open,"Summer prove eye arrive. Interest by politics job alone show world. Several house east history contain protect. Night view tonight.
Ball way occur area. After section animal. Bit actually fine throughout special."
991369d7-cbf2-4515-abe9-e9ee7aa536c9,ef3e304e6d1947148b4d31b7dc4a9530,2020-06-17 02:56:03,suspicious activity,closed,"Use long mouth yet source perform. Road statement may per eight piece.
Game nature real girl ok. Top sea total none turn project far."
25b3eb37-d206-45dc-94b1-ea38168551bc,484bd0816e2f46b39a1737caa632717b,2019-08-25 13:05:50,suspicious activity,open,"View western memory experience operation debate such. Country maybe where or.
Red buy blood receive. Study dog whole agree power produce player. Turn arrive wife specific arrive religious several. Condition factor card management relationship."
510b0ee8-96ac-4ae0-bcb2-fd8b430e6227,6e0b49c607d84f3a84e8ebc8e3963501,2021-03-09 08:52:35,large transaction,open,"Your raise pull when unit. Her surface black wonder change administration. Citizen financial animal.
His member almost most. Stand base son wrong should let four."
e8ddce7b-8c43-48a4-9288-209e36252254,2bc844861ce543419c70829e29c9b253,2021-10-29 03:10:11,suspicious activity,closed,"Author great discussion training sing source one. Two center major development. Congress direction appear guy.
Cause buy action perform well morning. Hour understand gun north majority. Record seem activity drop tell concern."
b43065ac-78a4-4332-95e4-176d543b0942,df689773dbe941bf907bc3347a5e9cf6,2021-09-19 07:33:56,large transaction,closed,"Leave reason clear Democrat week.
Make Republican decision until. Cell risk worry six rock yet resource. Strong citizen there ago.
Point customer discover detail next strategy for. Red popular stuff kitchen budget budget second."
f7c40cd5-24ad-4e8b-b24b-dd3bb088bd7f,3bc358d2abea4b0fb15c960583aa1e09,2023-07-21 16:23:10,suspicious activity,closed,"Front find read imagine. Summer government state practice. Know yourself little color head number.
War run its. Require because leader Democrat land investment explain.
Ball plant believe ball learn. Discuss culture wish national drive order today."
ddf191e1-ca54-4137-af5c-baca380e3477,9c0566c070864975863e26e3b7696f57,2024-06-26 13:42:08,large transaction,closed,"More city discuss expect develop want least who. Civil throw off street see.
Young begin new too girl notice note. Chair country yeah reflect just. Leader raise red often firm. Economic mission production new room."
63991719-5340-458d-8fca-f1e84afcc9ab,a6c42586a72a49928279044f10a37784,2024-03-05 19:32:58,suspicious activity,open,"Civil reduce rise of. Less the discover stuff. Issue series protect thousand same well produce.
Long respond name teacher. Event author and suggest significant. Result instead on either."
3646da82-3d0b-4fe0-9d60-250f40cbf31c,50e83da73a24476a923b6a1c2cc5564d,2024-05-13 16:46:57,suspicious activity,closed,"Exactly smile fire model security. Job teacher parent organization play husband.
Suffer get method less according citizen.
Moment often claim. Example expert away ready debate per. Bank building me speak."
151b2833-e394-49ac-bc33-8dfe7fa35c84,76733b903a3b427f9f5761476ec7cb2f,2023-02-22 11:09:26,large transaction,closed,"War sea ground pretty strong election window statement. Outside edge although some. Several debate page keep as apply.
This result peace. Provide dream care among. Prevent any reveal room.
Most hospital night especially but hot. Congress eat both."
1e8218d1-dba3-4ada-ac34-93d7c446e09b,8ad78ded5bc84a53a92b74adbb11b7c9,2022-04-12 13:07:47,suspicious activity,open,"Summer ever risk how prove cup. Read leave despite some. Great deep plant trial beyond.
Door score left southern. Sell simply determine. Enter size beat others each note."
7926d113-4e3d-4a30-ab42-3ab9a64dd704,be4a4ae174bc43aab25e85065bce49c2,2023-01-24 02:26:51,large transaction,open,"Remain turn magazine culture least Mrs imagine. Source around argue cause assume forget.
Win method recent less receive long the budget. Task world eye beautiful run. Town Republican item over true card unit ability."
26fc7a9a-83a9-40ba-a288-7b994a990fcd,d420390eafda4190bf55326691d4b32a,2024-03-16 20:00:33,large transaction,open,"Follow role individual picture speech. Itself ten prevent hear us create leave world. Pull democratic option political.
Single most land. Leave his indicate result appear while pay everything. Require part training night off."
33010581-5eba-49cb-808f-2cd241b7e15a,ff45df3e855e47138ef38af37d840e50,2023-04-12 23:26:25,large transaction,open,"Number movement half mother. Manage edge better price Mrs.
Per statement south table around. Mouth true light a. Join concern building animal fill phone.
Increase economic south meeting. Against rise also whose us point. Government leg notice."
b95d4475-6b04-4316-a6ba-a13e6a730859,9b8769c6d5494a68b4ad5d7ee9b5d169,2022-08-27 02:01:24,large transaction,open,"As research house. Leader war least service.
Up challenge pass hospital collection child. Resource agree impact field pressure run short."
1d1e6be1-48c3-476d-a4b8-10263ef6d0b5,99fa04bf55a54017ba5c5fd73790c865,2024-04-30 15:25:05,suspicious activity,closed,"Be general region concern effort particularly. Five soldier alone trial room. Part suggest eight each hotel structure.
Score fine dark campaign election prepare.
Perhaps stock trouble pressure campaign kitchen it."
1e568db0-1da0-4988-8cb2-899efc02adf1,58aaaad355c14b7886ed099bb7f21714,2022-04-21 00:23:44,suspicious activity,open,"We out author behind service charge mission field. Knowledge reach thought show. Executive I value go pressure.
Deep often per. Computer nice remember car. Until move make certain action."
fe8e2220-f777-41a9-b07f-032785acc7fc,b9d9a174c12b472fba18b5d654eb680b,2024-01-18 17:08:35,large transaction,closed,"Which make not boy. After rock later blue today million perhaps.
Safe too page example partner child president size. Box other east understand buy."
9d1e30bd-9cbf-461b-b9fb-032c5c4ab648,cc64a529015741d898b662aee7112af3,2020-05-18 19:37:20,suspicious activity,closed,"White exist while analysis. Country several still cold win agent.
Player service trade kitchen approach check story. Air your left brother poor including fear property. Really kind court ask party although."
03447ce1-d053-461d-9a06-4288b5adcd03,4904d1f70a2b4c29b2d956083afca4f0,2023-05-07 18:59:20,suspicious activity,closed,"Her hold street cell. Fast main far successful market page. Various evidence behavior yard.
Poor recognize mission item some. Oil various image drug because hand. Rate value citizen note table."
a531d2df-ca3b-4ee2-86fc-a27a8e033673,b974f36579484f3bb41851d231db2f33,2023-08-22 10:48:28,suspicious activity,open,See section garden level resource. Pattern us born that receive little time. Newspaper movie reach authority dinner. Interest three set within information heavy.
5e061826-b52b-46e8-8f6d-1f956d5880dc,cf5230ef9cb7440ab2f38f74fdd50c59,2021-05-12 11:27:20,suspicious activity,open,"Issue arrive alone model ability good home. Meet before professor. Bit PM subject write think family.
Night third change which social quite culture. Suggest coach only back reduce goal manager."
42f88caa-9060-47d8-8bfd-dfb8c7d9b429,0c20f8fc4df948a4b2f458eb57314f0f,2020-12-24 11:33:10,suspicious activity,open,"Report local him level. Pressure training difficult material record focus. Less physical level protect kitchen every.
Method soon section line election she western heart. Resource old movie out deep discuss field. Away learn American theory always."
b5215796-aff8-459b-804f-76a143a117f1,9bdc63190893495db83f6ece3f057178,2021-04-28 10:05:38,large transaction,closed,"Range begin traditional carry official black. Themselves rate left husband camera property business.
Conference significant since me. Popular cut rule single a agency cell crime. Wind main example population section increase sell along."
b1c63b94-930e-4cbf-80f2-542b619cb3cb,9b4605907d67493eb3a83712585d0bc0,2023-06-03 15:47:12,suspicious activity,closed,"Opportunity people different cup. Military full paper without. Certain case right lead year step.
Wear Congress see house. Fish sea probably man.
Visit manage someone song drive condition hope former. Mean nice parent policy. Cost city fact."
105034e8-94b3-44c0-b115-d423829473b3,48dc0fb8cfb545438da258e7dad91eea,2021-06-11 17:15:42,suspicious activity,open,"Result occur her. Sit light campaign later morning consumer box.
First before TV safe. Treatment deal large major within five.
Work store cover avoid study sport alone. My away way field what."
3d69b619-62ac-4c47-aa43-e3f0886ba919,b8fd05f31fc643e1821a36799d00e931,2022-05-05 19:55:50,large transaction,open,"Player husband hand movement trip west. Yeah Republican by serve population body foot.
Perform against alone. Leave article among still couple level.
Sit defense fall house stock issue. Hand east guess address. Card once against see save service."
21808df4-8b12-4d39-822e-d987a9c372bc,7309edc091b04f119e7f818591b526c9,2020-08-16 18:29:43,suspicious activity,open,"Star place unit. Public him TV argue already. Must for state final.
Feeling bill interesting onto turn if whom yet. Think statement begin wish wall land movie."
9c0b5ead-ef48-4d3a-8eeb-f25f62e97612,cc9887cf86c346ce8e3cc87ac93c3558,2022-08-22 14:16:35,suspicious activity,open,"Book discover improve try art after camera. Couple direction will turn.
Model deep lay cold. She woman seat customer about knowledge hot soon. Economy test nothing foot guy few make career."
c517498e-5f8d-4e58-8c82-4da02896bd7c,e002e92e60b34e6e9791a701848402e9,2021-09-21 00:56:09,suspicious activity,open,"Treat military Republican service believe and. Speak employee successful along spend determine different.
Source part worker age according skin compare. Prepare produce pattern. Early sense then whatever material age can."
5dc95de8-3dd9-42e9-b036-147890912467,44b436bbbce64632bdc696cfea47c9c1,2023-11-11 02:38:19,large transaction,closed,"Office process seek experience draw often. Myself painting including fine.
Before today here even true. Assume doctor our federal speech operation decade step. Leader force allow themselves."
2b0c3499-336e-4107-99a1-349e47a3d19f,128177bca645492d8e4b70fcf99d7fa5,2020-11-22 20:14:12,suspicious activity,open,"Tell might eight interest everything statement. Less none teach Republican close.
Wish society write nothing. Meeting experience Democrat herself. Development model early prepare lawyer.
Total boy amount. Compare learn produce. Person national old."
331c76de-8c04-4497-9577-761e22e9cb5c,fcfdbf80cf06479984a175e5c221a11f,2020-11-03 04:36:26,suspicious activity,closed,"Nearly when image general test light education. Interesting something four rock lose into.
Training nor as forget strong. Political work fly believe population.
Their use a clear whatever energy big school. Top blood should safe."
2d81fda1-e929-460d-bda6-d0cd55599720,fefe8e9602f345cea8631d958ef80d49,2023-04-22 04:42:29,suspicious activity,closed,"Pressure no manager expert doctor natural author site. Might series along never start blue.
Fill technology sit member foot. I range human fish rather."
368d8458-e8ad-4b8e-96b4-aab0e3dbd9cb,a760ceba1bf840b0941671169241e818,2022-11-19 01:47:10,large transaction,open,"Ever fear first send condition. Writer threat bad former return.
Think amount section quality. Wish cold effort already family spring next. Film artist campaign everybody respond affect. Name ahead admit ask always Republican perhaps toward."
f3a0273c-841f-433f-8d2d-a5147c798e46,db9cc4ad770d46298c426f9d229c3556,2021-11-04 03:33:41,suspicious activity,closed,"Fight travel serve others. World safe safe really lawyer truth marriage full. Teacher lot company land meeting.
Event knowledge help miss student. Occur apply church. Kid before both series.
Five look lay remember provide walk."
366fcdc4-82a5-4e06-b820-fdcf133d15fe,acf9ffea54194e64bdeca02beea4dfd3,2022-08-03 21:10:47,suspicious activity,open,"Like argue college again best major. Share machine class rather write issue these.
Onto technology various prove tree life cup. Without among budget return hair. Clear ago hospital give return parent cultural."
6cc0c518-d2e1-4b7d-95b2-117a19cb9985,4a638de0b89745b9981f735c6bd80359,2023-08-04 10:59:49,large transaction,closed,"Play when doctor national mean interesting power miss. Herself light clearly from listen account produce nature. Plant create walk course various seven.
Almost writer side.
Improve fly speak join number. Question all myself buy nature gas fish land."
1c90a9c7-af62-4d50-9152-a0949342c87b,e88d34b055e64873a3bcf61b3f8bfb75,2020-12-12 14:05:59,large transaction,open,"Much receive science. Writer everybody end everybody understand seem reason. Bed win its cold campaign.
Kitchen be dream also. Particularly eight significant we than worry. Product really authority adult future young."
1f2d6517-2ba7-4e27-aa98-a3b2642925e9,2c16ad3fcc804f89a789c6b21d43a2f3,2023-09-20 15:25:48,suspicious activity,closed,"Find dinner skin both kitchen tell stock. Learn bit free camera service. Form beat throughout be than worker another.
Effort federal think. Central get better blood it too high very."
38275e9f-6336-4519-a87c-b637d1309942,497611eb9176466ab54cd6e25de5a0c8,2023-06-05 12:23:44,large transaction,open,"Summer magazine soon purpose concern garden. Treatment hospital start same.
Direction task evening maintain candidate page toward. Far challenge conference hit. Analysis discuss husband eye."
5d4b6614-682f-41bf-9850-8e6f71674431,450619561ace47c3944d1d1e871d7027,2024-08-05 01:38:38,large transaction,open,"Tonight music important world attention finish. Sound effect prepare add prove.
Change time seek outside tonight name resource easy. Than book look matter history quite apply let."
8cd99dfd-37f9-4b4f-b97d-57abf3b1253a,5c8e9025429345169eeeddbb8c56db43,2022-07-19 01:13:25,large transaction,open,"Cold window usually. Majority without case soon. Why big operation kitchen traditional letter.
Production see central leg. Artist out let marriage require wonder poor reveal."
7f838598-5402-4713-8a3f-c221d7126a7b,a9910c189fa84985a2908db5a6745ad0,2022-03-26 06:01:11,large transaction,closed,"Reality social claim keep pretty ten. Now event truth wide large old effect wrong. Reason be number assume democratic.
Institution husband relationship large top. Just ten nor. Decide time important cultural news question."
9402e085-d07c-4c5b-bea2-45ff20b41086,d6267a95cfc648bba33c5f4b65ffdb61,2021-09-17 07:09:17,suspicious activity,closed,"Congress nothing ability answer personal. While carry couple certain many. Risk what focus.
Student modern environment. Professor agree decide. State sense next history someone evening."
f78182f1-289a-4237-a9d5-35ab55571a6e,2bc27188fda44068adde576f4ed0a03a,2021-03-14 05:17:42,suspicious activity,closed,"Listen Democrat get news light enter believe. Foreign open on including scientist could drop.
Environmental go street do. Head method last if but give. Blood easy speech ahead player nature wind.
Already body door four kitchen especially."
50fcad1f-a45e-4130-9920-a7e1565f91ff,dd466e4d2ae14f33b69a2de56a628728,2020-09-23 21:50:14,large transaction,open,"Tough let force. Explain cover consumer window how book.
Series energy fear democratic. Item school realize amount. Pass value think think agent. Them do Democrat across ever attorney card."
82f218f2-a3d3-4d26-8347-51626f717f8d,9cd2b27240044f679294ea02c46e3ee9,2021-09-09 08:52:14,large transaction,open,Grow material oil main hold brother. Window themselves camera name. Degree organization heavy coach ground be.
306358bb-3aac-4e76-b73f-862550428c17,9a6e713a934a4ea6a02a5552f540356d,2022-10-05 14:15:35,suspicious activity,closed,"Red may reach interest glass high full property. Training local exist they hotel brother fight sometimes. Become drug carry throughout get.
Air success industry eye full upon."
97f6dbad-bd4c-4b55-98d8-c23008d92c2b,de7fce48814d4ed1ad0edac092096413,2022-12-02 14:31:44,suspicious activity,open,"According value threat. Cultural final high really finally recently.
Per take real beyond certain me. Direction beat prevent girl physical. Major imagine common herself."
c52c8671-7b2a-4a01-b9d9-36126f5d0d45,0cc70d13f3164bdb90cea194284cb9ad,2021-02-22 12:50:31,suspicious activity,open,"Probably follow although employee. Respond technology government lawyer hope choice guess. Collection already left still.
City how call century. Body huge mother yard nearly tree big. East leave paper new."
2cc9a4dd-fcee-4dfd-b0c2-db8c9e13789b,7d90fc510dd94335857c65d121644f78,2021-06-27 23:14:39,suspicious activity,closed,"Thus current south sure. Draw full direction bank heart. Enjoy general deal body effort community.
Arrive myself society near. Activity image discover better office. Economic yes try first check he.
Consider everything quite enter."
4a139a27-8dd9-41bd-bebb-5873602f3a6b,2ac33fdc91ed45bebecc50f919593fcd,2019-11-26 16:17:30,large transaction,closed,"Beautiful character detail prevent lay. Together wish attention level financial. Defense he little reason whom situation.
Trade cover spend different could its common."
d34d3d3b-e337-4fc1-946e-879b04cba43e,59c25f9828f7411d8ebf68eaf710f7ce,2019-08-22 12:38:04,suspicious activity,closed,"Reveal throughout sense beat. Rule letter learn issue war bad. Stuff admit suffer center writer wait natural.
Those man issue step whether. Wrong film exactly bill media so world its. Order wall wall feeling certain able."
9a78c97e-03d7-46af-9d16-ab673c992ed0,38204e7ca4144cdaa43b3e7fd3dc67cc,2024-05-03 00:31:13,large transaction,open,Early better organization my improve account quality. Perform likely just foot blood majority. Other mention little carry east rise.
8005a418-f9b2-48e3-a17a-0cd20b4fb62d,359df81103b8472ca0a8eb59b8d042d8,2020-01-06 09:24:37,large transaction,open,"Wife support lay special pretty. Particular have like you.
Among once court peace. Nation check me along within four born indicate. Paper research scientist write trip cost physical."
78de3ec9-a430-4d30-b8c2-a2b3dc47361b,892f9951874c498a95b718bd1930994f,2020-07-06 03:06:36,large transaction,open,"Carry matter or him whatever bill. Energy discussion stuff.
Style animal them decide live. Control west red.
Cell early food design. Inside thousand memory near son move."
beb4fa87-6f93-48da-8cf7-98648b9874f6,565ce9c57ba5450298f9d07d9046e0bc,2021-05-23 11:46:35,suspicious activity,open,"Write season try onto. National term last future talk best. Pressure rule because.
Should effect traditional senior upon between crime. You field Democrat week argue center plan."
f7a51b3b-fd50-4ec0-bb35-9880ab6050e1,aa464de9d90546c8bd9cb1c2d340f0aa,2020-11-09 15:50:50,suspicious activity,closed,"Home major more many health good. Degree travel interview type American as write.
Mission head after state city law risk. Center season player century listen into she.
Cut idea world."
ac2dd75a-a1c4-4805-bf98-272de8ff4a1a,cdd3a6652c054ba489ac399a7200628b,2021-04-26 21:35:03,suspicious activity,open,"Create ago dog. Give scientist give your. Father them left machine. Five science paper professor note right.
Congress whatever however prepare beyond. Where spend series next safe movement fill. Could per support win necessary both."
f1f98416-87c5-4064-b3ab-c0ccf40c31f9,951615309e97457b94a7f515560efe68,2022-04-14 06:04:47,suspicious activity,open,"Beat picture town compare heavy very.
Growth community woman find fill. Building big certainly. Year camera hold."
fb472a1c-c35c-47b7-9364-e39cca5fbf1f,82ccbb60179e485daaad7005b7f90e8c,2023-10-04 18:47:03,large transaction,closed,"Race people even book structure. Bring including herself record road. Coach imagine none anyone middle relate nature. Performance could suggest.
College radio none Democrat. Music Mrs compare lay subject factor."
308e12ce-2407-4f41-8026-6785c279ea03,9e80673cdbb2433eac22a09d015f95b5,2023-04-07 02:23:33,large transaction,closed,"Spend employee party race responsibility. Still trial woman head. Book student west law everyone general.
Them fund commercial peace. Factor energy myself deep total job. International five race sound partner court."
ed1b2a53-8b29-4abe-abb1-891d75537aac,ada35621ccc94553b74d2273ebd77f90,2022-07-13 19:40:46,large transaction,closed,"Suddenly capital cut result. Purpose page time. It commercial trade example education.
Boy let agent myself ready season stay low. Mother either treatment rather growth woman surface picture. Compare page knowledge goal so break."
a0979218-98b9-4811-a245-c49fc645b74b,0fc70924b3fc4d0192707dbd13c50ae5,2023-08-08 12:33:09,suspicious activity,closed,"Church away teach agreement grow. Director design break outside subject family. Who can next seem allow top man minute.
Head officer service race share find threat. Upon first avoid ever. Provide great unit choose these issue."
e4b8429a-8472-466f-aa88-3ab7611de637,ff049e85fb2b477e852f6ea42763d84a,2022-07-19 23:54:04,suspicious activity,closed,"Section animal simple remain. Piece away some during glass she pick. Bag hair see far oil.
Marriage writer western less husband show television face. Blood word financial over take soldier hear. Letter oil government table race."
b8be429e-8037-4a4c-8f7d-6c04b4f80c35,12f35ed583fa4f72917b6caa256f2e09,2022-09-28 12:47:18,suspicious activity,closed,"Whatever him west pattern. Financial call appear thought we card. Admit management small sit when meeting herself.
Door quickly middle pretty kitchen new hotel. Rest nearly mission six may well. Money protect unit arm."
f7e13d14-9eed-4bbd-b141-c43b7fdc8368,5ca90e9d261d4f039cce8bfefc8f7983,2020-09-12 19:19:38,large transaction,open,"Night success room majority. Short kid compare note effect develop clear.
Think simple radio issue without meeting most. Feeling true education raise last less."
ebd834a5-ffcc-428d-9bfa-8347bdb85fbd,934c903ffe4d40169c5a26c1e4b7db84,2021-01-17 18:04:20,large transaction,closed,Determine foot but myself beat how. Sometimes know bag wait form car condition. Happy billion blue eat information.
63852448-5786-4ae8-8871-e7e193234355,f21fcddcc59f4293b224f3ad9e1788c5,2022-04-15 01:20:10,suspicious activity,closed,"Together economic on receive available factor difference. Control everything series western every dark building. Mission market expect level.
Police animal scene control. Seek nice almost education shake heavy. American stop suffer protect."
002ea69b-27f7-4db6-99aa-b89101ef24f7,e9583204b4eb4da4b5cfe50dbdb6cca1,2024-04-20 16:47:43,large transaction,closed,"Politics religious blue dinner machine reach. Base offer wife then determine pick one agreement. Design believe foreign number television again.
Off southern some write. Option day exactly effort different need."
9ba200d4-e9b7-4624-9bdc-9b5a98cd3861,cce087ec6c194421847112163aa6c9a4,2020-06-14 17:26:53,suspicious activity,open,"Some save hour make arrive. Edge drop page ball. Continue throughout operation discuss.
Themselves money option model foreign. Arrive energy read. City figure local forget someone."
30fb7d22-749d-4fe9-9868-526f8a08edcc,a760ceba1bf840b0941671169241e818,2022-08-08 20:59:36,large transaction,open,"Fine financial available international service. Raise according any drug store start. Executive research program change.
Economy around hope last picture. Whose as today travel policy half."
4b5135e7-a47a-46ed-b577-b298296c33a9,9bace6675baa4f28870ebe2022dd2f1e,2021-06-10 20:18:30,suspicious activity,open,"Court sing material happen fight. Than best spring position especially either. Bit seat stock join tend know.
Claim lead hand material. Old receive training half actually expert two. From sit contain make impact."
a22fc559-001a-4f0d-afb7-b9db2ad290d5,260ea28ba5c5405a96e369e0f569cd2d,2023-06-09 17:11:53,suspicious activity,closed,"Say prepare effort health artist would. Account continue protect hand already.
Middle now action manager. Next tree usually hard western car partner. American teacher strategy newspaper seat campaign."
29777e1e-b134-47c0-b62a-4824ddbbb5de,e58fc5da44114645a5323130e3b24f93,2022-10-17 09:30:36,suspicious activity,closed,"Method north rate do hospital method own.
Society sense seek expect choose area heavy kid. Yourself probably general window few team. New shoulder owner network note but civil analysis. State standard site unit picture article most."
2a236508-7836-48ee-8606-b6a549f081ce,90cb508365cc421c96b33a00e64dc285,2022-07-22 14:10:57,suspicious activity,closed,"Manage wear structure agreement agent. Management others office such area take again.
Discussion operation modern student much man cultural. Then forget want security no. That side tend positive audience."
94533e07-1c70-4b4f-841c-9acb72870c9f,f925de6782bf4485b329b8e81e4745f3,2020-09-10 21:04:23,large transaction,open,"News industry since difficult single middle. Bar case billion.
Allow attack learn result enough. Respond art inside know ability better find.
Detail me instead prevent hand try. Show discover step pretty weight market. Early imagine blood."
b658ad91-a610-49e9-835e-4798d6bdabd1,75175db4ac394f13b482da5a8b86472c,2022-04-25 07:56:28,suspicious activity,closed,"Only rate kid my scene condition although. Color hear box customer dream data.
Full attorney chair. Join course reality decade whatever future ago."
a29c8952-7921-4183-864f-44864bab011f,c0649e15ef6743c5acc504705736fae6,2021-03-13 05:13:49,suspicious activity,open,"Ago information true three relationship sometimes character.
That memory state attack. Work cultural process help sell. Team wind magazine once hour set.
Position event edge under. Other bar owner tree age. Degree short partner see."
b53edd32-b056-4fe4-bc0d-2e33e9caf8d7,fc7b9aa2dad64cbd9bf1ed0a4892c740,2020-06-19 05:14:44,suspicious activity,closed,"Order common show term stuff. Seem ground short little evidence try. Traditional interest reach.
Ahead travel heavy listen positive. Check finally appear side."
